data,hora (Brasília),conta,arquivo,legenda
2026-09-28,12:15,770,conta-770_pitch-perfect.mp4,"Quando a cup song encontra o funk 🥤👏 cada palma cravada na batida
🎬 A Escolha Perfeita (Pitch Perfect, 2012)
#aescolhaperfeita #pitchperfect #cupsong #funk #edit #palmas #sincronia #fyp"
2026-09-28,18:05,777,conta-777_clapping-music.mp4,"Quando a palma vira instrumento 🕶️👏 assiste até o final
🎥 Clapping Music – Santi Carcasona / DrumCircle
#clappingmusic #bodypercussion #funkbrasileiro #edit #palmas #fyp"
2026-09-28,20:40,771,conta-771_epic-patty-cake-live.mp4,"Ensaiaram quanto tempo pra isso? 😳👏 agora no baile
🎥 Epic Patty Cake LIVE – KHS, Sam Tsui, Madilyn Bailey, Alex G
#pattycake #desafio #funk #edit #palmas #viral #fyp"
2026-09-29,12:15,770,conta-770_patty-cake.mp4,"Brincadeira de mão no ritmo do funk 👏🔥 olha a sincronia
🎥 Send My Love (Patty Cake cover) – KHS, Sam Tsui, Madilyn Bailey, Alex G
#pattycake #brincadeiradeMao #funk #edit #palmas #sincronia #satisfying #fyp"
2026-09-29,18:05,777,conta-777_mudanca-de-habito.mp4,"Coral do convento versão baile 😇🔥
🎬 Mudança de Hábito (1992)
#sisteract #mudancadehabito #coral #funkbrasileiro #edit #palmas #fyp"
2026-09-29,20:40,771,conta-771_pitch-perfect.mp4,"Se a Anna Kendrick fosse do baile 🥤👏 marca quem sabe fazer a cup song
🎬 Pitch Perfect (2012)
#cupsong #annakendrick #pitchperfect #funk #edit #palmas #viral #fyp"
2026-09-30,12:15,770,conta-770_clapping-music.mp4,"5 caras, zero instrumentos, só palma 👏 e encaixou no funk
🎥 Clapping Music for 5 Performers – Santi Carcasona / DrumCircle
#clappingmusic #percussaocorporal #funk #edit #palmas #sincronia #fyp"
2026-09-30,18:05,777,conta-777_epic-patty-cake-live.mp4,"Plateia em silêncio, mãos voando e o funk comandando 🔥👏
🎥 Epic Patty Cake LIVE – KHS, Sam Tsui, Madilyn Bailey, Alex G
#pattycake #live #funkbrasileiro #edit #palmas #coordenacao #fyp"
2026-09-30,20:40,771,conta-771_patty-cake.mp4,"Tenta acompanhar essas palmas 👀👏 impossível
🎥 Send My Love (Patty Cake cover) – KHS, Sam Tsui, Madilyn Bailey, Alex G
#pattycake #desafio #funk #edit #palmas #sincronia #viral #fyp"
2026-10-01,12:15,770,conta-770_mudanca-de-habito.mp4,"As freiras entraram no baile 🙌😂
🎬 Mudança de Hábito (Sister Act, 1992) – ""I Will Follow Him""
#mudancadehabito #sisteract #whoopigoldberg #funk #edit #palmas #fyp"
2026-10-01,18:05,777,conta-777_pitch-perfect.mp4,"O copo mais famoso do cinema agora no funk 🥤🎶 fone de ouvido obrigatório
🎬 A Escolha Perfeita (2012)
#pitchperfect #aescolhaperfeita #cups #funkbrasileiro #edit #palmas #fyp"
2026-10-01,20:40,771,conta-771_clapping-music.mp4,"Terno, óculos escuros e palma no tempo do funk 😎👏
🎥 Clapping Music for 5 Performers – Santi Carcasona
#clappingmusic #palmas #funk #edit #sincronia #viral #fyp"
2026-10-02,12:15,770,conta-770_epic-patty-cake-live.mp4,"Patty cake ao vivo, sem erro, no tempo do funk 👏🎤
🎥 Epic Patty Cake LIVE – KHS, Sam Tsui, Madilyn Bailey, Alex G (YouTube Music Night)
#pattycake #aovivo #funk #edit #palmas #sincronia #fyp"
2026-10-02,18:05,777,conta-777_patty-cake.mp4,"Nível de coordenação: absurdo 👏👏 e no tempo certinho do funk
🎥 Patty Cake cover – KHS, Sam Tsui, Madilyn Bailey, Alex G
#pattycake #coordenacao #funkbrasileiro #edit #palmas #sincronizado #fyp"
2026-10-02,20:40,771,conta-771_mudanca-de-habito.mp4,"Irmã, solta o hit 🙏😂👏
🎬 Mudança de Hábito (Sister Act, 1992)
#mudancadehabito #sisteract #freiras #funk #edit #palmas #viral #fyp"
